index,address,output
1,0xEB4c5AB9B36437f969888be99AF42fC9087005A5,No output
2,0x9799b475dEc92Bd99bbdD943013325C36157f383,No output
3,0x00000000000123685885532dcB685c442Dc83126,No output
4,0x0000000000d41C96294CCdaC8612Bdfe29C641aF,No output
5,0x000000000dFDe7deaF24138722987c9a6991e2D4,No output
6,0x00000000f6E788341c1acB3C2D49fA9263b8a2F7,No output
7,0x0000000000710a9C1F6Db5f504Be77ffb3B583EC,No output
8,0x000000000025D4386F7FB58984CBe110AEe3A4c4,No output
9,0x0000000096B674bB0ea9c74C28BE782Bb48724de,No output
